{"cameraMode":{"drawMode":0,"name":"Shaded","section":"Shading Mode"},"sceneLighting":true,"audioPlay":false,"sceneViewState":{"m_AlwaysRefresh":false,"showFog":true,"showSkybox":true,"showFlares":true,"showImageEffects":true,"showParticleSystems":true,"showVisualEffectGraphs":true,"m_FxEnabled":true},"in2DMode":false,"pivot":{"x":502.7209167480469,"y":209.80752563476563,"z":-55.16838836669922},"rotation":{"x":0.07965115457773209,"y":-0.043353769928216937,"z":0.003452578093856573,"w":0.9958838224411011},"size":225.00650024414063,"orthographic":false}