{"cameraMode":{"drawMode":0,"name":"Shaded","section":"Shading Mode"},"sceneLighting":true,"audioPlay":false,"sceneViewState":{"m_AlwaysRefresh":false,"showFog":true,"showSkybox":true,"showFlares":true,"showImageEffects":true,"showParticleSystems":true,"showVisualEffectGraphs":true,"m_FxEnabled":true},"in2DMode":false,"pivot":{"x":661.289306640625,"y":0.2288958728313446,"z":1285.638671875},"rotation":{"x":0.00020050279272254556,"y":0.9996621608734131,"z":0.025187356397509576,"w":-0.008698727935552597},"size":1.6870044469833375,"orthographic":false}